# Cloudflare Pages Redirects
# https://developers.cloudflare.com/pages/platform/redirects/

# Canonical Home
/home              /                 301
/index             /                 301
/index.html        /                 301

# Database and Tools
/database          /nexx             301
/db                /nexx             301

# Legacy to Modern (Clean URLs)
/calculator.html   /calculator       301
/about.html        /about            301
/faq.html          /faq              301
/privacy.html      /privacy          301
/terms.html        /terms            301
/nexx.html         /nexx             301

# API routes (Handled by Hono)
/api/*             /api/:splat       200

# Ensure static assets are served as-is
/static/*          /static/:splat    200
/images/*          /images/:splat    200
/data/*            /data/:splat      200
